pclass,sex,age,sibsp,parch,fare,embarked,survived
2,female,60.2,1,1,10.88,S,1
3,female,21.5,0,0,50.08,S,1
3,male,40.4,0,0,10.44,Q,0
3,female,34.2,0,1,17.74,Q,0
1,male,48.2,0,0,38.95,S,0
1,male,51.9,2,1,35.42,S,0
1,female,30.4,1,1,131.15,C,1
3,male,19.5,1,0,7.65,C,0
3,male,36.4,0,1,32.57,Q,0
3,male,20.5,0,0,28.22,C,0
1,male,58.2,1,0,73.99,S,1
3,male,31.9,0,1,5.1,S,0
3,male,24.9,0,0,41.81,S,0
1,male,32.6,3,0,25.2,S,1
1,female,11.1,0,0,9.63,S,1
1,female,16.4,0,0,19.3,S,1
2,male,46.8,1,0,12.18,S,1
3,male,20.8,0,1,25.98,C,0
2,male,15.3,1,0,65.95,S,1
2,male,37.5,1,0,25.27,S,1
3,male,46.6,1,0,29.97,S,0
1,male,40.1,0,1,21.94,S,1
2,male,43.9,0,0,1.58,C,0
2,male,19.4,0,0,7.95,S,0
3,male,10.1,1,0,20.32,Q,0
3,male,51.0,0,0,11.14,S,0
1,female,25.5,0,0,6.02,S,1
3,female,26.5,0,2,21.04,S,0
3,male,48.6,0,1,11.69,S,0
1,female,37.8,2,0,8.96,C,1
3,male,36.4,1,0,18.71,S,0
1,female,60.3,2,0,4.29,C,0
1,female,21.0,1,0,78.83,S,1
3,male,43.0,1,0,60.68,C,1
3,male,30.8,0,0,36.89,S,0
3,male,33.8,0,0,3.37,C,0
2,male,51.4,2,0,44.87,S,0
1,male,37.1,1,1,49.5,S,0
3,male,37.5,1,0,43.8,S,0
2,male,45.0,0,0,3.63,Q,0
1,female,24.9,0,0,30.98,S,1
3,female,18.3,1,1,53.93,S,0
1,male,15.4,0,0,25.84,C,1
3,male,2.5,0,1,31.19,S,0
2,male,58.8,1,0,18.39,S,0
3,male,14.6,2,0,22.57,S,0
2,female,26.9,0,1,1.05,S,1
3,male,26.1,1,0,30.56,Q,0
3,male,34.3,0,0,2.55,C,0
1,male,41.4,1,0,17.13,S,0
3,male,42.0,0,0,10.39,Q,0
3,female,21.8,2,0,23.65,S,0
3,female,27.7,1,0,4.3,S,1
3,male,34.0,0,2,35.29,S,0
3,male,26.5,0,1,47.54,S,0
3,male,52.5,1,0,5.35,S,0
1,female,36.9,0,0,3.3,Q,1
1,female,40.3,0,1,4.72,C,1
1,male,39.3,1,0,62.9,S,1
2,male,46.4,1,1,22.54,S,1
2,female,32.5,1,2,18.89,C,0
2,male,11.8,2,1,3.39,Q,0
3,female,35.6,1,0,31.46,C,0
2,male,20.9,0,0,60.75,S,1
2,male,22.6,0,0,52.84,C,0
3,male,38.2,0,1,29.51,S,0
1,male,47.3,0,0,2.35,S,1
3,male,30.3,1,2,3.58,S,0
1,female,34.3,1,1,1.52,S,1
3,male,53.8,0,1,8.93,S,0
3,male,33.4,1,0,4.37,S,0
1,male,66.4,0,0,9.04,S,1
1,male,37.9,1,0,14.59,C,1
3,male,5.3,0,0,85.93,S,1
3,male,40.5,0,0,28.28,S,0
3,female,35.3,1,0,54.05,S,1
3,male,48.1,1,1,37.17,Q,0
1,male,39.4,0,0,3.58,S,1
2,male,28.1,0,0,39.95,S,0
1,female,12.9,1,0,9.65,S,1
3,female,27.1,0,2,30.58,C,1
3,female,18.1,0,0,12.51,Q,1
2,male,21.9,0,1,181.89,S,1
1,male,38.2,1,1,9.18,S,0
2,male,53.4,0,1,9.82,C,0
2,male,35.5,0,0,80.07,S,0
3,male,13.3,1,1,0.75,S,0
3,male,36.2,0,0,35.79,S,0
3,male,46.8,1,0,38.77,S,0
3,male,21.5,0,0,54.31,S,1
1,female,28.1,0,0,110.0,S,1
3,male,30.2,0,0,111.4,S,0
3,male,19.0,0,0,2.03,Q,0
3,female,39.1,0,0,51.75,S,1
3,male,28.3,0,1,31.18,C,0
3,female,35.9,0,0,31.27,S,0
3,male,17.6,0,0,4.12,S,0
2,male,23.9,2,0,31.51,S,1
1,female,40.1,0,0,121.34,Q,1
1,female,24.8,0,0,72.85,C,1
1,female,54.2,1,0,17.35,S,1
3,male,24.4,0,0,1.22,C,0
2,male,33.1,0,0,13.5,S,1
3,male,43.1,1,0,52.53,Q,0
3,male,10.1,0,0,36.27,S,1
2,female,5.3,0,0,18.45,Q,0
2,male,8.6,1,0,1.7,S,0
3,female,47.7,1,0,16.7,S,1
1,male,22.3,1,1,18.99,S,0
1,male,65.8,0,0,79.17,S,0
2,male,22.1,0,0,30.74,S,1
1,female,32.6,2,0,11.2,S,1
3,female,51.6,0,0,22.35,S,0
3,female,58.1,3,0,2.05,S,0
3,female,58.9,0,1,107.88,S,1
3,female,46.9,1,1,13.39,S,0
3,female,44.3,0,0,19.5,Q,1
1,male,38.3,0,0,13.17,S,0
3,male,40.9,0,0,34.42,S,0
3,male,22.3,0,0,32.56,S,0
3,female,18.5,0,0,37.69,S,1
3,female,30.0,1,0,9.37,S,0
2,male,27.6,1,2,11.38,S,0
1,female,23.7,2,0,4.01,S,1
1,female,39.7,0,0,31.97,Q,1
2,male,43.4,0,0,1.22,S,1
3,male,31.2,0,0,27.32,S,0
3,female,50.7,2,0,61.14,S,0
1,male,14.0,0,0,66.45,S,1
3,female,27.3,0,0,17.88,C,0
2,male,20.0,1,2,18.45,S,0
1,female,3.9,0,0,2.4,S,1
1,female,28.8,1,0,33.33,S,1
2,female,28.3,0,0,51.65,S,1
3,male,51.2,1,0,8.42,S,0
2,female,38.8,0,0,16.41,C,1
3,female,15.7,2,1,54.76,C,0
3,male,56.0,0,0,62.9,Q,0
2,female,47.1,0,0,8.36,C,1
3,male,38.1,0,0,23.99,S,0
3,male,26.8,0,0,6.41,S,1
2,male,16.6,0,0,3.22,C,1
3,male,24.8,0,0,72.61,C,0
2,male,45.2,1,0,51.53,C,1
2,female,56.4,1,1,42.82,S,0
1,male,51.6,3,1,1.5,S,0
3,female,23.2,1,0,55.68,C,1
3,male,14.3,0,0,17.29,C,0
1,male,32.0,1,0,12.57,Q,1
2,male,5.2,1,0,23.72,S,0
3,female,34.5,0,1,2.87,S,0
1,male,27.9,0,0,42.4,S,1
1,male,23.5,1,0,26.2,C,0
3,female,7.7,0,1,6.2,S,1
3,male,37.2,0,0,6.26,S,0
2,male,22.5,0,0,6.11,Q,0
3,male,13.6,1,2,1.76,S,0
3,female,0.4,1,2,26.59,C,1
1,male,29.6,1,0,55.04,S,1
3,female,54.8,1,0,0.53,C,1
2,male,53.3,0,1,1.51,S,1
3,female,23.6,2,1,25.51,C,1
3,female,21.6,1,1,51.36,Q,1
3,female,36.6,0,0,11.87,S,0
1,male,16.0,0,1,12.91,S,1
3,female,34.2,0,1,27.22,S,1
2,male,40.7,0,1,9.61,S,0
1,male,47.2,0,0,0.81,C,0
1,male,28.6,0,0,39.87,S,0
3,female,27.1,1,0,29.48,S,1
3,female,17.7,1,0,26.08,S,0
1,female,18.4,1,1,40.61,C,0
3,male,26.8,0,1,33.74,Q,0
1,male,35.1,0,0,6.92,S,0
3,female,42.8,0,0,13.04,S,1
1,male,18.8,0,4,4.04,S,1
3,male,50.9,1,0,4.17,S,0
2,male,26.2,1,0,33.83,S,0
3,male,29.7,0,0,58.68,S,0
1,male,19.5,0,0,98.69,S,0
2,male,0.4,0,0,29.69,S,0
1,male,42.4,0,0,6.1,S,1
3,male,40.3,0,0,3.35,S,0
3,female,26.1,0,0,50.28,S,1
2,male,30.9,0,0,25.94,C,0
3,male,37.2,0,0,28.89,S,0
3,female,8.1,2,0,45.62,S,1
3,male,22.6,2,0,36.45,S,0
3,female,41.1,0,1,53.96,C,0
2,female,12.4,0,0,1.74,Q,1
1,male,34.1,2,1,41.29,S,1
3,male,11.0,0,0,57.08,S,1
3,female,36.5,0,1,10.11,S,0
3,female,29.5,0,1,30.69,S,1
2,male,7.4,0,0,11.31,S,0
2,male,46.3,1,0,95.08,S,0
3,male,19.7,2,0,1.02,S,0
3,female,18.7,0,0,26.01,S,1
3,male,32.8,1,0,5.46,S,0
3,female,46.1,1,0,37.37,S,1
3,male,15.8,1,0,5.8,S,0
1,male,30.9,0,0,8.05,S,1
1,male,36.0,0,0,20.46,S,1
3,male,39.7,0,0,73.89,C,0
3,male,32.5,1,0,7.14,S,1
1,male,24.9,0,1,4.67,S,1
1,male,18.4,0,0,42.69,Q,1
3,female,31.2,0,1,20.83,S,1
1,male,15.0,0,0,72.84,S,1
1,male,0.4,0,0,4.76,S,1
3,female,36.1,1,0,31.15,C,1
3,female,42.7,0,0,7.95,Q,0
3,female,0.4,0,0,5.12,C,0
1,female,15.9,0,0,34.51,S,1
3,male,38.7,0,1,27.02,S,0
1,male,58.8,1,0,42.17,S,1
2,female,30.3,0,1,11.11,S,1
3,female,19.8,0,1,17.82,S,0
3,male,27.4,0,1,15.6,S,0
3,female,49.2,0,2,124.22,C,0
3,male,21.0,1,0,10.37,S,0
3,male,18.8,0,0,10.48,S,0
1,male,23.2,0,0,13.13,S,0
2,male,16.7,0,0,24.94,C,1
2,male,31.7,0,0,8.72,C,0
2,male,52.7,1,0,74.06,S,0
3,female,34.5,0,0,9.26,S,1
2,male,26.5,0,0,67.85,S,1
3,male,25.9,0,0,3.28,Q,0
3,female,8.1,1,0,32.06,S,1
3,female,42.4,0,0,71.25,S,1
3,female,28.9,0,0,5.54,S,0
3,female,27.5,0,0,103.57,S,1
3,female,74.7,0,0,18.09,C,1
1,male,34.2,0,0,87.41,S,1
3,male,19.5,0,0,33.89,S,0
2,male,24.0,1,1,10.77,S,1
1,male,46.1,0,0,6.26,S,0
3,male,31.6,1,0,10.86,Q,0
1,female,9.9,0,2,2.93,S,1
3,male,42.9,0,0,4.66,C,1
3,male,20.6,0,1,3.32,C,0
3,male,56.2,1,0,16.49,S,0
2,female,45.1,0,0,47.63,S,0
1,male,23.7,0,1,4.57,S,1
3,female,47.9,1,2,4.19,C,1
2,male,30.9,0,1,30.94,S,0
3,male,41.9,0,0,6.59,S,0
3,male,36.8,1,1,3.08,S,0
3,female,18.2,2,0,5.48,C,1
2,male,21.0,0,0,77.2,S,1
2,female,44.4,0,1,51.69,S,1
3,male,25.3,1,1,13.11,S,0
2,male,24.3,0,1,32.0,S,0
1,female,16.6,2,0,23.12,C,1
3,female,35.9,0,0,33.91,S,1
3,female,58.9,0,0,34.43,C,1
3,female,15.1,2,1,29.73,S,1
3,female,30.3,0,1,9.28,S,1
1,female,49.8,1,1,1.19,S,1
3,female,28.9,0,1,18.24,S,0
3,female,36.3,1,0,66.49,S,1
1,female,15.1,1,0,25.28,S,1
3,male,36.0,0,1,53.58,S,0
3,female,27.4,1,0,143.47,S,1
3,male,43.8,1,0,5.36,S,0
3,female,46.6,0,0,35.31,C,1
3,female,66.3,0,0,33.65,S,0
2,male,38.1,0,0,117.29,S,1
2,female,34.6,0,0,127.22,S,1
3,male,32.7,0,1,34.82,C,0
3,male,25.1,0,0,8.38,C,0
3,female,34.7,0,0,48.07,S,0
3,male,25.9,1,0,3.4,C,0
3,female,32.4,1,2,45.52,S,0
3,female,48.4,0,2,72.3,S,1
3,male,15.9,1,0,14.48,C,0
3,male,46.0,0,1,29.88,C,0
3,male,48.4,2,0,16.87,S,0
3,male,28.3,0,0,17.28,C,0
3,female,0.4,1,0,11.15,S,1
2,male,21.5,1,0,43.08,C,1
2,male,48.2,1,0,82.55,S,1
1,male,29.7,0,0,84.78,S,1
3,male,16.0,1,2,5.76,S,0
1,female,22.9,1,2,62.32,S,1
3,male,41.8,0,0,40.12,S,1
3,female,37.7,2,1,8.74,S,0
2,male,26.7,1,1,2.09,S,1
3,female,24.9,1,0,9.36,S,1
1,male,24.5,0,0,72.98,S,1
1,male,17.1,1,0,30.09,S,0
3,female,52.6,0,0,38.3,S,0
2,male,25.5,1,0,8.92,C,0
1,female,47.0,0,2,38.12,C,1
3,female,51.3,0,1,0.86,C,0
3,male,44.0,0,0,14.12,S,0
1,male,24.0,0,1,29.57,C,0
3,female,35.7,0,1,4.74,S,0
1,male,29.7,1,1,51.95,S,1
1,male,17.3,0,1,8.04,S,1
3,male,34.5,0,1,31.69,C,0
3,male,13.5,1,1,15.59,S,0
3,male,46.6,1,0,27.19,S,0
3,female,23.5,1,1,3.41,S,1
3,female,32.8,1,1,0.51,C,1
3,female,34.0,1,0,72.09,S,1
2,female,26.4,0,1,9.43,S,1
3,male,38.2,0,0,51.39,S,1
2,female,23.4,0,1,220.17,S,1
2,male,42.2,1,0,7.13,S,1
1,male,11.2,0,0,9.24,S,1
1,male,31.8,0,2,32.62,C,1
3,male,57.1,1,0,100.96,S,1
3,female,16.0,1,1,74.24,S,1
3,female,20.5,0,1,20.97,S,0
2,male,37.2,0,1,47.56,S,0
1,male,32.5,1,0,4.38,S,1
1,female,34.9,0,0,113.74,S,1
2,male,36.8,0,1,100.02,S,1
3,male,38.9,0,1,5.36,C,0
3,male,45.5,0,0,10.68,S,0
3,female,35.7,1,0,3.17,S,0
2,female,26.6,0,0,9.51,C,1
3,male,39.4,0,1,50.78,S,0
3,male,56.6,1,1,14.26,C,1
3,female,28.1,2,0,2.78,S,1
3,female,16.4,4,0,12.57,S,1
2,male,45.5,0,0,119.51,C,1
2,female,28.3,0,1,29.8,S,1
2,male,0.4,0,0,16.14,S,1
3,male,41.9,1,0,5.47,C,0
1,female,22.5,1,0,128.44,S,1
1,male,28.7,2,0,51.59,S,1
1,male,34.6,0,1,9.92,S,1
1,male,32.7,0,0,2.18,C,0
3,male,39.9,0,0,1.75,Q,0
3,female,23.9,0,1,3.85,S,0
3,male,37.2,0,0,26.08,S,0
1,female,26.4,1,0,79.25,C,1
3,male,40.3,0,0,20.6,S,0
3,male,38.6,1,0,55.53,S,0
1,male,16.9,0,0,17.71,S,1
2,female,45.2,1,1,36.99,C,0
2,male,22.5,1,1,39.49,C,1
3,female,41.3,1,0,5.73,S,1
3,male,35.1,0,0,13.45,S,1
1,female,55.7,1,0,30.43,S,1
2,male,26.9,0,1,2.2,S,0
3,female,25.1,0,0,13.46,S,1
3,female,29.7,2,0,22.96,C,0
3,female,25.8,1,1,167.38,S,1
3,female,41.2,0,1,19.3,C,1
1,female,7.4,0,0,50.79,S,1
1,male,15.2,2,0,16.97,S,0
3,male,15.1,0,0,47.75,S,0
1,male,43.3,0,0,27.15,S,1
3,female,53.9,3,0,65.3,S,1
3,male,28.5,1,2,15.88,Q,0
3,female,27.6,0,0,27.81,C,1
2,male,31.0,0,0,29.83,S,0
3,male,46.3,1,0,16.21,S,0
3,male,17.0,0,2,4.68,Q,0
3,female,33.3,1,0,2.95,S,1
3,male,43.7,0,0,0.5,S,0
2,male,37.0,1,0,62.03,S,1
3,male,32.7,1,0,8.09,Q,1
3,male,44.0,0,0,7.13,S,0
1,male,0.4,1,1,39.96,S,1
1,male,39.5,0,0,11.57,Q,1
1,female,20.8,1,1,21.16,S,1
1,male,4.4,1,0,5.32,S,1
1,male,37.2,0,0,96.38,S,1
3,male,49.2,0,0,57.23,C,0
1,male,28.1,1,0,59.81,S,1
2,male,43.3,1,1,15.67,Q,0
3,male,52.6,2,0,43.11,S,0
1,male,48.4,0,1,4.66,S,0
3,male,53.0,0,2,0.26,Q,0
2,female,40.4,0,1,0.61,S,1
1,female,31.1,0,1,26.5,S,1
3,female,7.6,0,2,18.23,S,0
3,male,26.6,1,0,21.9,S,0
3,male,18.2,0,2,0.22,S,0
3,male,60.4,0,1,16.48,S,0
3,male,27.5,0,0,37.98,S,0
2,female,31.7,0,0,17.54,C,1
1,male,37.7,0,0,39.53,S,0
3,male,30.6,0,1,7.96,Q,0
3,male,53.7,1,1,50.32,S,0
3,female,21.3,1,0,26.63,S,0
2,male,32.7,0,0,7.1,S,0
2,male,19.6,2,0,8.1,S,0
3,male,11.5,1,0,29.67,S,0
2,male,21.4,2,0,53.15,C,1
3,male,29.5,1,0,16.12,C,0
3,male,24.0,1,0,8.96,Q,0
2,male,20.3,1,0,60.52,S,0
3,male,10.3,0,0,33.19,C,0
3,male,28.8,0,2,17.83,S,0
1,male,8.9,4,0,20.08,S,1
3,male,40.6,0,0,6.85,C,0
3,female,31.2,0,1,29.57,S,1
3,female,9.6,0,0,13.33,S,0
2,male,25.7,0,0,163.09,S,0
3,male,19.5,0,0,19.63,S,0
2,male,34.5,0,0,19.96,C,0
1,male,48.8,0,1,25.03,S,0
3,female,3.7,0,0,74.58,Q,1
1,male,31.6,0,0,48.41,S,0
2,female,27.8,3,0,18.0,S,1
3,male,39.4,0,1,38.05,S,1
3,male,33.0,1,1,26.47,S,1
3,female,19.5,0,0,20.34,S,0
3,female,25.5,0,1,6.41,C,0
2,female,18.9,0,1,18.71,C,1
2,female,45.1,0,1,8.46,Q,1
2,male,30.3,0,0,73.9,C,0
3,female,56.6,1,2,12.26,C,0
3,male,29.2,0,2,91.26,S,0
3,female,20.1,1,0,22.85,C,0
3,male,8.8,0,0,29.95,S,0
1,female,4.8,1,0,23.49,S,1
3,male,7.8,0,0,4.16,S,0
1,male,33.7,0,0,14.14,S,1
3,male,37.1,0,0,3.13,S,0
2,female,7.9,0,1,29.26,Q,1
3,male,42.5,1,0,17.77,S,0
2,male,23.2,0,0,45.15,S,0
1,male,32.1,0,1,7.47,S,0
1,male,52.6,0,0,5.39,S,1
3,female,42.6,1,0,15.64,S,0
3,male,26.2,0,0,78.35,S,0
1,female,17.5,0,0,37.18,S,1
1,male,0.4,0,0,16.29,S,1
3,male,19.9,0,0,21.85,C,0
1,female,27.0,1,0,2.64,C,1
3,female,16.2,0,0,125.15,S,0
3,male,28.2,0,2,32.94,S,0
1,male,31.1,1,0,10.08,S,1
1,female,26.9,1,0,26.44,C,1
3,male,20.9,1,0,3.48,S,0
2,female,32.4,0,1,101.3,S,1
2,female,36.2,3,1,5.76,C,1
3,female,14.7,0,1,31.33,S,1
3,male,49.8,0,1,8.45,S,0
3,female,28.6,1,0,37.93,S,1
3,male,30.3,0,0,44.99,Q,1
2,male,39.9,1,0,33.57,C,0
1,male,33.3,1,3,28.6,S,1
3,male,43.3,0,1,66.9,S,0
3,female,34.0,0,0,2.46,S,0
2,female,21.4,1,0,12.06,Q,1
3,female,35.1,0,0,8.56,Q,1
1,male,14.0,1,0,132.72,S,1
3,male,31.5,0,0,14.8,C,0
1,male,29.5,0,0,39.57,S,0
3,female,27.1,0,1,34.63,S,0
1,male,28.2,1,0,7.15,S,0
1,female,3.7,0,0,8.19,S,1
1,male,22.3,0,0,9.91,Q,1
3,male,31.3,1,0,15.89,S,0
3,female,32.2,0,0,8.01,S,1
3,male,15.6,0,0,0.6,Q,0
3,female,47.7,0,1,63.46,C,0
2,female,17.9,0,1,101.1,S,1
2,male,43.6,0,0,12.54,S,1
3,male,36.0,1,1,12.4,S,1
1,male,21.0,2,0,0.21,S,1
3,female,54.9,0,1,34.21,Q,1
1,male,13.3,0,1,52.36,Q,0
3,male,42.9,1,1,4.76,S,1
1,male,44.0,0,0,5.22,S,0
3,female,20.6,0,0,46.83,S,0
3,male,49.5,2,0,28.74,C,0
3,female,26.5,1,0,1.38,S,0
1,female,34.0,0,0,29.23,S,1
3,male,33.6,1,0,11.08,S,0
3,male,28.1,0,0,13.8,S,0
3,female,41.4,0,0,44.06,S,1
3,male,41.1,2,1,49.97,S,0
3,female,5.5,1,0,15.34,Q,0
3,male,48.3,0,0,88.21,C,0
3,male,6.7,0,0,15.65,C,0
3,female,44.5,0,1,44.33,S,1
3,male,45.8,0,1,19.84,S,0
1,male,14.7,1,1,68.35,S,1
2,male,24.2,0,1,71.5,S,1
3,male,14.5,0,0,2.74,C,0
3,male,27.0,0,0,82.7,S,0
3,male,25.7,1,0,52.38,S,0
3,female,40.9,0,1,47.01,C,0
2,male,48.3,1,0,6.73,Q,1
1,female,49.5,0,1,49.06,S,1
3,male,22.1,0,2,56.94,S,0
2,female,27.1,0,1,10.24,S,1
3,male,6.4,2,0,91.26,S,0
1,female,18.7,1,0,1.53,S,1
3,male,43.5,0,0,4.87,S,0
3,male,52.6,0,2,23.14,Q,1
3,male,12.7,0,0,25.73,S,0
3,male,21.7,0,1,31.08,S,0
2,male,29.6,1,0,0.51,S,1
3,male,33.9,0,0,96.84,S,0
3,female,18.7,0,1,1.37,C,0
1,male,35.9,0,1,4.63,S,1
3,male,23.4,0,0,0.42,S,0
3,male,29.8,0,0,25.1,S,0
3,female,37.6,0,1,80.77,C,1
3,male,30.1,1,2,32.89,S,0
3,male,23.9,0,1,51.89,C,1
2,male,28.5,0,1,0.4,S,0
3,female,28.8,0,0,23.43,S,0
3,female,24.8,0,0,18.46,S,1
1,male,26.4,1,1,20.73,Q,0
1,female,52.4,1,1,2.25,Q,0
2,female,37.9,0,0,34.6,S,1
3,male,25.9,0,0,20.99,S,0
3,female,39.8,1,1,43.46,S,0
1,male,25.3,1,0,19.92,S,1
3,male,46.4,1,0,4.85,S,0
2,male,35.2,1,1,31.35,C,0
3,male,28.5,1,0,5.68,Q,0
3,male,36.3,0,2,61.76,S,0
3,female,8.0,0,0,28.49,S,0
3,male,14.2,1,0,5.13,C,0
2,male,13.3,1,1,98.37,C,1
2,male,32.0,0,1,21.92,S,0
1,female,54.3,0,0,2.27,S,1
3,male,61.2,2,0,29.57,S,1
3,male,38.9,0,0,8.76,S,0
3,male,37.0,1,0,48.84,S,0
3,male,4.8,0,0,51.08,S,0
3,female,22.4,3,1,115.82,S,0
3,female,19.0,0,0,20.91,S,0
3,male,21.3,0,1,18.21,S,1
3,female,27.6,1,0,42.01,S,0
2,male,23.4,1,1,4.26,C,0
3,female,2.3,2,1,23.75,C,0
1,male,40.5,0,1,23.71,S,0
3,male,15.0,0,0,2.81,S,0
3,male,33.3,0,0,16.24,Q,0
1,female,59.0,0,0,57.58,S,1
3,male,17.1,0,1,58.17,S,1
3,male,0.4,2,0,3.14,S,0
2,male,26.0,0,1,2.85,S,0
1,female,45.4,1,0,9.14,S,1
3,male,57.4,0,0,62.33,Q,0
3,female,12.8,0,1,4.14,S,0
3,female,37.0,0,1,38.19,S,0
3,male,23.5,0,1,3.2,Q,0
3,female,28.5,1,0,29.28,S,1
3,male,67.0,0,0,13.2,S,0
3,female,9.0,0,0,46.66,S,1
3,male,33.6,0,1,7.99,S,0
2,female,36.5,1,0,30.58,S,1
1,female,45.2,1,0,8.06,S,1
1,female,31.4,2,0,37.52,S,1
3,female,34.3,0,0,62.07,S,0
3,male,24.5,0,0,4.07,S,0
3,male,33.8,0,0,60.43,S,0
1,female,25.2,1,1,27.01,S,1
1,male,38.7,0,0,4.08,S,0
1,male,24.8,3,2,16.73,S,1
2,female,35.3,1,0,5.26,Q,1
3,female,29.6,0,0,36.15,S,1
2,female,45.8,0,0,42.67,S,1
2,male,29.3,0,1,3.35,C,0
3,female,5.2,0,0,21.17,S,1
2,male,47.7,1,0,50.56,S,1
3,female,17.3,1,0,82.54,C,1
3,male,20.8,0,0,21.62,C,1
2,female,21.7,0,0,90.04,S,1
3,female,49.2,0,0,23.02,S,1
3,male,0.4,0,0,15.04,S,0
3,female,73.9,0,2,56.56,C,1
1,male,44.8,0,1,20.38,S,0
3,female,33.1,0,0,19.15,S,1
3,female,29.2,0,0,20.22,C,0
2,male,34.0,1,0,56.28,S,0
3,female,37.3,1,0,53.5,C,1
3,female,39.0,2,0,15.5,S,0
3,male,37.8,1,0,12.16,S,1
2,male,31.3,0,0,20.31,S,0
3,female,27.2,0,0,25.51,C,1
2,female,27.9,0,0,8.17,S,1
1,female,27.3,2,1,47.39,S,1
1,female,45.9,0,0,19.99,S,1
1,male,38.3,0,0,12.2,S,1
1,female,0.4,0,0,3.39,Q,1
1,male,39.2,1,0,8.19,S,1
3,male,32.7,0,0,89.44,S,0
1,male,29.7,0,0,10.92,Q,0
2,male,24.6,1,0,5.55,S,0
3,male,45.7,1,2,18.52,S,0
3,male,43.3,0,0,11.01,S,0
3,female,19.2,0,1,1.07,C,1
1,male,35.7,0,0,11.71,S,1
1,male,16.4,0,0,23.57,S,1
1,male,10.7,3,1,24.07,S,1
1,male,21.2,1,0,13.23,S,1
2,male,42.1,0,1,17.79,S,0
1,male,43.3,0,0,101.02,S,1
1,male,37.2,0,1,14.21,S,1
1,female,40.2,1,0,8.96,S,1
3,male,37.2,0,0,8.37,S,0
1,male,21.0,1,0,18.36,C,0
2,male,36.0,0,0,42.75,C,1
3,female,41.2,0,0,6.92,C,1
3,male,40.6,2,0,37.06,S,0
1,male,46.6,0,1,0.64,S,0
3,male,39.9,0,0,16.29,S,0
3,male,34.9,1,0,44.87,Q,0
1,male,45.0,0,1,12.41,C,1
3,male,29.6,0,0,24.89,C,0
3,male,17.7,0,0,6.88,S,0
1,male,27.7,0,0,40.64,S,1
2,male,19.6,1,0,1.61,S,0
3,female,20.5,0,1,57.43,S,0
3,female,28.0,2,0,6.63,S,0
1,female,18.9,0,0,62.24,Q,1
1,female,25.7,0,1,13.04,S,1
2,male,3.5,1,0,38.48,S,0
3,male,33.0,2,0,11.54,S,0
3,male,30.0,0,0,70.91,Q,0
2,male,18.6,0,0,4.06,S,1
3,female,39.2,0,0,5.9,S,0
3,male,43.1,0,0,20.38,Q,0
1,female,7.5,2,0,2.56,S,1
2,male,19.3,1,0,6.54,S,0
3,female,19.2,0,0,86.35,S,1
3,male,16.8,0,0,112.51,S,0
3,male,41.6,1,3,14.16,C,0
3,male,27.3,1,0,77.03,C,0
1,male,26.3,0,1,23.61,S,0
2,male,1.9,0,0,9.43,S,0
3,male,38.9,0,0,36.36,S,0
2,female,12.7,2,0,32.27,S,1
2,male,30.8,0,1,135.64,S,0
2,male,33.9,0,0,9.24,S,0
1,male,49.0,0,1,33.45,S,1
2,female,11.7,0,0,1.6,C,1
1,male,0.4,0,1,3.62,S,0
2,male,32.6,1,0,0.12,S,1
1,male,55.2,0,0,225.76,S,1
3,male,47.3,0,0,48.63,C,0
3,female,32.9,0,1,46.35,S,1
3,male,23.1,0,0,21.38,S,1
3,male,41.3,1,0,10.7,S,0
3,female,16.4,0,0,4.92,C,1
1,male,36.7,0,1,10.05,S,1
3,male,37.1,1,0,14.15,C,0
3,male,44.8,0,0,42.36,Q,1
3,female,68.6,0,1,23.27,C,1
2,male,35.5,2,0,2.42,S,0
1,female,22.9,3,0,0.55,S,1
2,male,29.6,1,0,3.24,S,0
2,male,5.2,1,1,15.85,Q,0
3,male,20.3,1,1,81.18,S,0
3,female,24.3,1,1,30.43,S,0
2,male,22.7,0,0,48.56,S,0
3,female,32.1,1,0,18.84,S,0
3,female,18.5,1,0,13.47,S,1
1,male,45.7,0,2,3.44,S,1
1,male,30.0,1,0,62.61,S,1
1,male,29.9,1,0,45.86,C,1
2,male,25.4,0,1,5.52,S,0
1,female,32.2,0,0,21.54,S,1
1,female,41.6,0,0,20.05,S,1
2,male,17.9,0,0,29.43,S,0
1,male,20.8,0,0,87.67,C,1
3,female,25.7,0,0,26.01,S,1
1,male,11.2,0,0,23.31,S,1
3,female,18.5,2,1,1.55,S,0
2,male,23.3,1,0,1.95,Q,0
3,female,42.2,1,0,6.22,S,1
1,male,33.7,1,1,0.99,C,1
2,male,32.7,1,0,40.8,S,0
3,male,41.9,1,0,38.55,S,0
3,male,28.1,0,0,4.39,S,0
3,male,35.5,1,0,54.25,C,0
2,female,28.6,0,2,5.04,S,1
1,female,33.7,1,0,10.75,Q,1
3,male,21.8,1,1,8.59,S,0
3,male,0.4,0,1,13.97,S,0
3,male,28.1,0,2,8.82,S,0
3,male,49.9,0,1,20.14,C,0
2,male,43.0,0,1,15.7,S,0
3,male,43.5,0,0,129.31,C,0
1,male,47.3,0,1,1.73,Q,0
2,male,31.2,2,1,4.6,Q,0
2,male,32.8,0,1,1.63,S,0
3,male,21.4,0,0,29.49,S,0
2,female,25.6,0,0,1.68,C,1
1,male,38.6,1,0,54.32,S,1
3,female,46.9,0,0,21.52,S,1
2,male,28.0,0,1,22.46,S,0
3,male,23.7,0,2,24.74,S,0
1,female,30.0,2,1,5.62,S,1
3,female,38.4,0,1,6.61,S,1
3,female,9.8,2,1,11.52,S,0
1,male,0.4,0,0,27.0,S,0
2,male,22.3,0,1,7.08,S,0
1,female,12.9,0,0,3.71,S,1
1,male,22.9,0,0,105.31,S,1
3,male,27.9,0,1,0.67,S,0
2,male,23.7,0,0,48.69,S,1
3,male,50.3,0,0,46.54,S,0
2,female,34.6,1,0,10.58,S,1
3,male,34.2,0,0,4.37,C,0
3,male,38.7,0,0,4.72,S,0
3,male,14.1,0,0,35.86,C,0
3,male,44.5,1,0,30.88,S,0
2,male,28.9,0,0,45.8,S,1
2,male,39.4,1,1,83.17,S,0
3,male,15.0,1,0,35.32,S,0
3,female,8.2,0,0,5.08,S,0
3,male,41.5,0,0,8.37,S,0
1,male,35.3,0,1,55.39,S,1
3,female,17.4,2,0,7.05,S,1
3,female,17.8,0,0,2.26,S,0
1,male,45.8,2,1,36.45,Q,0
1,male,13.3,0,0,15.45,S,1
3,male,53.0,0,0,75.79,S,0
3,female,17.4,1,1,31.52,S,0
3,female,38.9,0,0,2.84,S,0
1,female,25.4,1,1,88.61,C,1
3,male,38.4,0,0,8.97,S,0
1,female,22.4,0,2,12.34,S,1
1,male,27.7,0,0,15.44,C,1
1,male,30.6,0,0,1.58,S,1
3,male,16.0,0,2,20.59,S,0
3,female,40.4,0,1,3.95,Q,0
3,male,22.8,0,0,15.37,S,0
2,female,26.8,2,0,12.96,S,1
3,male,16.1,0,0,44.46,S,0
2,male,0.4,0,1,48.76,S,1
3,male,27.3,0,1,5.0,S,0
2,male,63.8,0,0,13.7,C,0
2,female,41.0,1,1,14.02,S,1
3,male,29.7,0,0,4.93,C,0
2,female,26.3,0,0,48.05,Q,0
3,female,30.3,1,1,36.85,S,1
3,female,37.7,1,0,6.34,S,1
1,male,13.5,2,0,13.71,S,1
3,male,45.6,0,0,3.35,C,0
2,male,40.0,0,1,29.68,C,0
3,female,40.1,0,0,3.88,S,1
3,female,36.1,1,0,127.92,S,1
3,male,30.3,1,0,45.52,S,0
1,female,39.4,0,1,14.84,C,1
3,male,38.3,0,1,25.92,S,0
3,male,25.0,1,0,72.69,S,0
2,male,22.0,1,1,24.23,C,0
1,female,31.4,0,2,5.75,S,1
3,male,51.7,1,0,14.28,S,0
3,female,12.7,3,1,55.57,S,1
3,female,9.5,0,0,31.0,S,1
3,female,32.3,1,0,31.56,S,1
3,male,30.7,0,0,60.48,Q,0
1,male,32.4,1,1,67.32,S,1
2,male,33.4,0,0,75.69,S,0
2,male,26.9,0,0,2.99,S,1
3,male,50.9,0,0,23.57,S,0
1,female,7.6,1,0,40.47,S,1
3,male,18.4,2,1,42.43,C,0
3,male,28.6,0,2,28.0,C,0
3,male,7.0,1,0,5.47,S,1
2,male,27.5,1,0,47.9,S,0
3,male,53.3,2,0,38.2,S,0
1,male,30.3,0,2,2.7,Q,1
3,female,33.2,1,0,18.7,S,1
1,male,12.4,1,2,5.73,C,1
2,female,21.4,0,0,12.35,S,1
3,female,24.7,2,0,0.55,Q,1
1,male,25.6,0,1,15.34,S,0
1,female,47.9,1,0,23.95,C,1
3,male,37.8,0,0,28.99,S,0
3,female,14.4,1,0,32.67,S,0
3,male,33.5,0,0,54.29,S,0
3,female,37.0,0,1,7.28,C,1
3,female,46.0,1,0,3.85,S,1
2,female,52.1,1,0,57.22,Q,1
2,female,15.8,1,0,5.11,C,1
1,male,18.6,0,0,110.38,S,1
3,male,12.4,0,0,55.46,C,0
3,male,26.7,0,0,20.85,S,0
2,male,36.5,0,0,119.57,S,1
3,female,43.8,1,0,3.07,S,1
3,male,28.9,1,0,10.83,S,0
1,female,25.5,0,2,30.5,C,1
3,male,32.1,1,0,12.92,S,0
3,female,18.3,0,1,79.09,S,1
3,male,59.3,0,2,2.04,S,0
1,female,7.5,0,0,23.92,S,1
3,female,32.6,0,1,26.81,S,0
3,male,58.3,0,0,31.73,C,0
3,male,30.1,1,0,8.86,S,0
3,female,27.3,0,0,13.6,S,0
3,male,25.0,0,1,55.68,S,0
3,male,27.5,0,1,6.51,S,0
1,male,49.2,2,0,52.61,C,0
3,male,0.4,1,0,24.81,S,1
3,male,51.5,0,0,43.09,C,0
2,male,10.1,0,0,37.51,S,0
3,male,26.3,0,2,6.98,S,0
3,male,24.0,0,0,25.24,Q,0
3,female,38.2,0,0,60.69,C,0
3,male,7.6,0,0,16.98,S,0
1,female,36.5,1,1,101.97,S,1
3,male,58.3,0,1,18.06,S,0
3,male,10.9,1,0,4.62,S,0
1,male,32.7,0,1,14.8,C,1
3,male,20.7,2,0,90.91,C,0
3,male,36.0,1,0,11.56,S,0
3,male,30.3,1,0,60.77,Q,1
3,male,21.0,0,1,63.92,S,0
2,male,36.8,0,1,12.93,S,1
1,female,55.3,0,0,2.61,S,1
2,male,27.3,1,1,38.68,S,1
3,male,40.1,0,0,11.2,S,0
1,female,11.9,0,0,45.83,S,1
2,male,16.6,1,0,17.54,S,0
2,male,36.6,1,0,19.92,S,0
3,female,50.8,0,0,45.14,C,0
3,male,35.0,0,0,14.46,S,0
2,female,25.6,0,0,17.56,S,1
2,female,30.0,2,1,14.16,C,0
3,male,12.5,0,1,13.73,Q,0
3,male,38.5,0,0,22.39,Q,0
1,male,42.4,1,1,49.63,S,1
3,male,23.7,0,1,13.47,S,0
1,male,23.4,0,0,22.29,S,1
1,female,33.7,1,0,33.33,S,1
3,male,23.9,0,0,9.42,Q,0
2,male,29.1,0,1,9.75,S,1
3,female,59.4,0,2,81.28,S,1
2,female,26.5,2,0,38.57,S,0
3,male,25.0,0,2,25.82,S,0
3,male,20.9,0,0,31.3,C,0
1,male,40.4,0,0,0.89,S,0
3,male,27.5,0,1,28.88,S,0
1,male,20.9,1,1,21.37,S,1
3,male,48.5,0,0,23.67,S,0
1,female,49.9,0,0,13.36,S,1
2,male,21.6,0,0,2.55,S,0
1,male,3.9,0,0,6.45,S,0
3,male,44.1,0,0,90.32,S,1
3,male,20.4,1,0,15.76,Q,0
3,female,41.1,0,0,18.86,Q,0
1,female,2.4,2,0,1.62,Q,1
3,female,42.5,1,1,1.15,S,1
1,male,13.0,0,0,37.89,S,1
3,male,40.2,0,0,23.17,S,0
1,male,30.2,1,1,21.32,C,0
1,male,16.6,0,1,8.36,Q,1
1,male,24.3,0,0,40.97,C,1
3,female,39.6,1,0,5.53,S,0
3,male,31.5,0,1,6.32,Q,0
1,male,38.2,1,0,18.53,S,1
3,male,57.7,2,1,10.12,S,0
3,male,8.1,1,1,8.53,S,0
3,male,52.6,0,1,31.09,S,0
2,female,31.5,0,0,31.58,S,1
2,female,17.4,0,0,52.21,S,1
3,female,11.4,0,1,16.22,S,0
1,male,27.4,1,0,2.28,S,1
1,male,42.9,0,0,9.59,C,1
3,male,28.2,0,0,117.37,S,0
3,male,51.2,1,0,27.21,S,0
2,female,9.7,0,0,37.11,C,0
2,male,29.8,0,0,0.22,C,0
3,male,12.5,0,0,21.91,S,0
2,male,35.1,0,0,1.15,S,1
1,male,42.4,0,0,25.27,S,1
1,female,24.1,0,1,76.06,S,1
3,male,0.4,0,0,103.66,S,1
3,male,32.8,0,0,23.33,C,0
1,male,36.1,0,3,18.39,S,1
1,male,35.7,1,0,87.02,C,1
1,female,47.3,0,0,33.59,C,1
3,female,15.0,0,0,2.01,Q,1
1,female,39.5,1,0,18.81,S,1
1,female,46.7,0,1,8.24,C,0
3,male,5.1,1,1,19.04,S,1
1,female,34.5,1,1,18.23,S,1
3,male,22.9,1,0,26.18,S,0
1,male,28.9,1,1,13.24,S,0
1,female,34.9,0,0,5.38,C,0
2,male,23.2,1,0,21.02,S,0
3,female,20.5,0,1,53.19,S,1
